{
  "22": {
    "weights": {
      "ep_next": 0.1913,
      "form": 0.1354,
      "xgi_per_90": 0.134,
      "fixture_ease": 0.1549,
      "ict_position": 0.1204,
      "value_score": 0.145,
      "minutes_security": 0.119
    },
    "correlations": {
      "ep_next": 0.2845801899915892,
      "form": 0.28463406436298777,
      "xgi_per_90": 0.04460170757634485,
      "fixture_ease": 0.15990122495846848,
      "ict_position": 0.27920143707875467,
      "value_score": 0.3381592976711798,
      "minutes_security": 0.2716524315031593
    },
    "overall_correlation": 0.3339670674812686
  },
  "23": {
    "weights": {
      "ep_next": 0.1331,
      "form": 0.1051,
      "xgi_per_90": 0.0389,
      "fixture_ease": 0.0404,
      "ict_position": 0.0903,
      "value_score": 0.1726,
      "minutes_security": 0.0881,
      "ownership": 0.1753,
      "recent_points": 0.1561
    },
    "correlations": {
      "ep_next": 0.2778520320211585,
      "form": 0.27799182940940326,
      "xgi_per_90": 0.08587511118457825,
      "fixture_ease": 0.09842916853614192,
      "ict_position": 0.27129540856888723,
      "value_score": 0.36866365976338344,
      "minutes_security": 0.2542535087097866,
      "ownership": 0.3902730614526019,
      "recent_points": 0.34873103958564555
    },
    "overall_correlation": 0.3892437874387009
  },
  "23-7gw": {
    "weights": {
      "ep_next": 0.1064,
      "form": 0.1064,
      "xgi_per_90": 0.0315,
      "fixture_ease": 0.1095,
      "ict_position": 0.093,
      "value_score": 0.1501,
      "minutes_security": 0.0867,
      "ownership": 0.1681,
      "recent_points": 0.1483
    },
    "correlations": {
      "ep_next": 0.22366780322700408,
      "form": 0.22340096756999928,
      "xgi_per_90": 0.06462841555295529,
      "fixture_ease": 0.07077590188725558,
      "ict_position": 0.22726595850165687,
      "value_score": 0.2772422354981716,
      "minutes_security": 0.1884550869252879,
      "ownership": 0.30181692507720237,
      "recent_points": 0.26622525413844034
    },
    "overall_correlation": 0.29814459713213903,
    "window": 7
  },
  "23-10gw": {
    "weights": {
      "ep_next": 0.1074,
      "form": 0.1074,
      "xgi_per_90": 0.0316,
      "fixture_ease": 0.112,
      "ict_position": 0.093,
      "value_score": 0.1457,
      "minutes_security": 0.0892,
      "ownership": 0.1673,
      "recent_points": 0.1464
    },
    "correlations": {
      "ep_next": 0.24020233691976245,
      "form": 0.23997633731237,
      "xgi_per_90": 0.06787987087085035,
      "fixture_ease": 0.08954250937304542,
      "ict_position": 0.23730590863657453,
      "value_score": 0.2610622478839485,
      "minutes_security": 0.21268003024287851,
      "ownership": 0.31002821558005467,
      "recent_points": 0.2656735624087111
    },
    "overall_correlation": 0.30774860518713243,
    "ownership_baseline": 0.31002821558005467,
    "window": 10
  },
  "23-20gw": {
    "weights": {
      "ep_next": 0.0761,
      "form": 0.1111,
      "xgi_per_90": 0.0216,
      "fixture_ease": 0.0384,
      "ict_position": 0.0593,
      "value_score": 0.0565,
      "minutes_security": 0.0766,
      "ownership": 0.4337,
      "recent_points": 0.1268
    },
    "correlations": {
      "ep_next": 0.2752397040618826,
      "form": 0.27485060932872807,
      "xgi_per_90": 0.05063393769037661,
      "fixture_ease": 0.11656809634723864,
      "ict_position": 0.2564963484556988,
      "value_score": 0.1436343255388569,
      "minutes_security": 0.2781769621064193,
      "ownership": 0.3259126825349372,
      "recent_points": 0.28636573026578793
    },
    "overall_correlation": 0.3430387811138892,
    "ownership_baseline": 0.3259126825349372,
    "window": 20
  }
}