{
  "22": {
    "weights": {
      "ep_next": 0.1913,
      "form": 0.1354,
      "xgi_per_90": 0.134,
      "fixture_ease": 0.1549,
      "ict_position": 0.1204,
      "value_score": 0.145,
      "minutes_security": 0.119
    },
    "correlations": {
      "ep_next": 0.2845801899915892,
      "form": 0.28463406436298777,
      "xgi_per_90": 0.04460170757634485,
      "fixture_ease": 0.15990122495846848,
      "ict_position": 0.27920143707875467,
      "value_score": 0.3381592976711798,
      "minutes_security": 0.2716524315031593
    },
    "overall_correlation": 0.3339670674812686
  },
  "23": {
    "weights": {
      "ep_next": 0.1331,
      "form": 0.1051,
      "xgi_per_90": 0.0389,
      "fixture_ease": 0.0404,
      "ict_position": 0.0903,
      "value_score": 0.1726,
      "minutes_security": 0.0881,
      "ownership": 0.1753,
      "recent_points": 0.1561
    },
    "correlations": {
      "ep_next": 0.2778520320211585,
      "form": 0.27799182940940326,
      "xgi_per_90": 0.08587511118457825,
      "fixture_ease": 0.09842916853614192,
      "ict_position": 0.27129540856888723,
      "value_score": 0.36866365976338344,
      "minutes_security": 0.2542535087097866,
      "ownership": 0.3902730614526019,
      "recent_points": 0.34873103958564555
    },
    "overall_correlation": 0.3892437874387009
  },
  "23-7gw": {
    "weights": {
      "ep_next": 0.1353,
      "form": 0.1142,
      "xgi_per_90": 0.0318,
      "fixture_ease": 0.019,
      "ict_position": 0.1008,
      "value_score": 0.1652,
      "minutes_security": 0.0944,
      "ownership": 0.1761,
      "recent_points": 0.1633
    },
    "correlations": {
      "ep_next": 0.22377623723891182,
      "form": 0.22350939068988795,
      "xgi_per_90": 0.06462391021773928,
      "fixture_ease": -0.03010196478374283,
      "ict_position": 0.22722376232416963,
      "value_score": 0.27723537798189923,
      "minutes_security": 0.18834222134683942,
      "ownership": 0.30089923037648303,
      "recent_points": 0.26629633347539705
    },
    "overall_correlation": 0.29432741622368463,
    "window": 7
  }
}